{
  "lr": 0.003200240874376011,
  "dropout": 0.4454661654350031,
  "weight_decay": 2.8059914238112312e-05,
  "batch_size": 64,
  "optimizer": "AdamW",
  "n_layers": 3,
  "units_l0": 416,
  "units_l1": 480,
  "units_l2": 416,
  "hidden_dims": [
    416,
    480,
    416
  ],
  "best_val_macro_f1": 0.7726418770052824
}